clip_id,dasakam,verse,half,split,audio_path,text_devanagari,text_clean,text_model_kannada,slp1,duration_s,sample_rate,channels,bit_depth,analysis_issues
nar_001_001_1,1,1,1,train,/Users/shankararamasharma/Desktop/Vyoma Linguistic Labs/AI - AI Projects/Narayaneeyam/Dasakam 1/Narayaneeyam Dasakam 1.1.1.flac,सान्द्रानन्दावबोधात्मकमनुपमितं कालदेशावधिभ्यां निर्मुक्तं नित्यमुक्तं निगमशतसहस्रेण निर्भास्यमानम् ।,सान्द्रानन्दावबोधात्मकमनुपमितं कालदेशावधिभ्यां निर्मुक्तं नित्यमुक्तं निगमशतसहस्रेण निर्भास्यमानम् ।,ಸಾನ್ದ್ರಾನನ್ದಾವಬೋಧಾತ್ಮಕಮನುಪಮಿತಂ ಕಾಲದೇಶಾವಧಿಭ್ಯಾಂ ನಿರ್ಮುಕ್ತಂ ನಿತ್ಯಮುಕ್ತಂ ನಿಗಮಶತಸಹಸ್ರೇಣ ನಿರ್ಭಾಸ್ಯಮಾನಮ್,sAndrAnandAvaboDAtmakamanupamitaM kAladeSAvaDiByAM nirmuktaM nityamuktaM nigamaSatasahasreRa nirBAsyamAnam,15.861088,44100,2,16,
nar_001_010_1,1,10,1,train,/Users/shankararamasharma/Desktop/Vyoma Linguistic Labs/AI - AI Projects/Narayaneeyam/Dasakam 1/Narayaneeyam Dasakam 1.10.1.flac,ऐश्वर्यं शङ्करादीश्वरविनियमनं विश्वतेजोहराणां तेजस्संहारि वीर्यं विमलमपि यशो निस्पृहैश्चोपगीतम् ।,ऐश्वर्यं शङ्करादीश्वरविनियमनं विश्वतेजोहराणां तेजस्संहारि वीर्यं विमलमपि यशो निस्पृहैश्चोपगीतम् ।,ಐಶ್ವರ್ಯಂ ಶಙ್ಕರಾದೀಶ್ವರವಿನಿಯಮನಂ ವಿಶ್ವತೇಜೋಹರಾಣಾಂ ತೇಜಸ್ಸಂಹಾರಿ ವೀರ್ಯಂ ವಿಮಲಮಪಿ ಯಶೋ ನಿಸ್ಪೃಹೈಶ್ಚೋಪಗೀತಮ್,ESvaryaM SaNkarAdISvaraviniyamanaM viSvatejoharARAM tejassaMhAri vIryaM vimalamapi yaSo nispfhEScopagItam,16.616848,44100,2,16,
nar_002_008_2,2,8,2,train,/Users/shankararamasharma/Desktop/Vyoma Linguistic Labs/AI - AI Projects/Narayaneeyam/Dasakam 2/Narayaneeyam Dasakam 2.8.2.flac,तत्त्वव्यक्ततया सुदुर्गमतरं चित्तस्य तस्माद्विभो त्वत्प्रेमात्मकभक्तिरेव सततं स्वादीयसी श्रेयसी ॥,तत्त्वव्यक्ततया सुदुर्गमतरं चित्तस्य तस्माद्विभो त्वत्प्रेमात्मकभक्तिरेव सततं स्वादीयसी श्रेयसी ॥,ತತ್ತ್ವವ್ಯಕ್ತತಯಾ ಸುದುರ್ಗಮತರಂ ಚಿತ್ತಸ್ಯ ತಸ್ಮಾದ್ವಿಭೋ ತ್ವತ್ಪ್ರೇಮಾತ್ಮಕಭಕ್ತಿರೇವ ಸತತಂ ಸ್ವಾದೀಯಸೀ ಶ್ರೇಯಸೀ,tattvavyaktatayA sudurgamataraM cittasya tasmAdviBo tvatpremAtmakaBaktireva satataM svAdIyasI SreyasI,16.871814,44100,2,16,
nar_003_007_2,3,7,2,train,/Users/shankararamasharma/Desktop/Vyoma Linguistic Labs/AI - AI Projects/Narayaneeyam/Dasakam 3/Narayaneeyam Dasakam 3.7.2.flac,भवन्मूर्त्यालोके नयनमथ ते पादतुलसी- परिघ्राणे घ्राणं श्रवणमपि ते चारुचरिते ॥,भवन्मूर्त्यालोके नयनमथ ते पादतुलसी- परिघ्राणे घ्राणं श्रवणमपि ते चारुचरिते ॥,ಭವನ್ಮೂರ್ತ್ಯಾಲೋಕೇ ನಯನಮಥ ತೇ ಪಾದತುಲಸೀ ಪರಿಘ್ರಾಣೇ ಘ್ರಾಣಂ ಶ್ರವಣಮಪಿ ತೇ ಚಾರುಚರಿತೇ,BavanmUrtyAloke nayanamaTa te pAdatulasI pariGrARe GrARaM SravaRamapi te cArucarite,15.229456,44100,2,16,
nar_004_006_1,4,6,1,train,/Users/shankararamasharma/Desktop/Vyoma Linguistic Labs/AI - AI Projects/Narayaneeyam/Dasakam 4/Narayaneeyam Dasakam 4.6.1.flac,ध्यायतां सकलमूर्तिमीदृशीम् उन्मिषन्मधुरताहृतात्मनाम् ।,ध्यायतां सकलमूर्तिमीदृशीम् उन्मिषन्मधुरताहृतात्मनाम् ।,ಧ್ಯಾಯತಾಂ ಸಕಲಮೂರ್ತಿಮೀದೃಶೀಮ್ ಉನ್ಮಿಷನ್ಮಧುರತಾಹೃತಾತ್ಮನಾಮ್,DyAyatAM sakalamUrtimIdfSIm unmizanmaDuratAhftAtmanAm,8.743878,44100,2,16,
nar_004_015_1,4,15,1,train,/Users/shankararamasharma/Desktop/Vyoma Linguistic Labs/AI - AI Projects/Narayaneeyam/Dasakam 4/Narayaneeyam Dasakam 4.15.1.flac,अर्चिरादिगतिमीदृशीं व्रजन् विच्युतिं न भजते जगत्पते ।,अर्चिरादिगतिमीदृशीं व्रजन् विच्युतिं न भजते जगत्पते ।,ಅರ್ಚಿರಾದಿಗತಿಮೀದೃಶೀಂ ವ್ರಜನ್ ವಿಚ್ಯುತಿಂ ನ ಭಜತೇ ಜಗತ್ಪತೇ,arcirAdigatimIdfSIM vrajan vicyutiM na Bajate jagatpate,8.326667,44100,2,16,
nar_005_009_1,5,9,1,train,/Users/shankararamasharma/Desktop/Vyoma Linguistic Labs/AI - AI Projects/Narayaneeyam/Dasakam 5/Narayaneeyam Dasakam 5.9.1.flac,एते भूतगणास्तथेन्द्रियगणा देवाश्च जाता: पृथक् नो शेकुर्भुवनाण्डनिर्मितिविधौ देवैरमीभिस्तदा ।,एते भूतगणास्तथेन्द्रियगणा देवाश्च जाता: पृथक् नो शेकुर्भुवनाण्डनिर्मितिविधौ देवैरमीभिस्तदा ।,ಏತೇ ಭೂತಗಣಾಸ್ತಥೇನ್ದ್ರಿಯಗಣಾ ದೇವಾಶ್ಚ ಜಾತಾಃ ಪೃಥಕ್ ನೋ ಶೇಕುರ್ಭುವನಾಣ್ಡನಿರ್ಮಿತಿವಿಧೌ ದೇವೈರಮೀಭಿಸ್ತದಾ,ete BUtagaRAstaTendriyagaRA devASca jAtAH pfTak no SekurBuvanARqanirmitiviDO devEramIBistadA,15.020385,44100,2,16,
nar_006_007_2,6,7,2,train,/Users/shankararamasharma/Desktop/Vyoma Linguistic Labs/AI - AI Projects/Narayaneeyam/Dasakam 6/Narayaneeyam Dasakam 6.7.2.flac,कुक्षिस्समुद्रनिवहा वसनं तु सन्ध्ये शेफः प्रजापतिरसौ वृषणौ च मित्रः ॥,कुक्षिस्समुद्रनिवहा वसनं तु सन्ध्ये शेफः प्रजापतिरसौ वृषणौ च मित्रः ॥,ಕುಕ್ಷಿಸ್ಸಮುದ್ರನಿವಹಾ ವಸನಂ ತು ಸನ್ಧ್ಯೇ ಶೇಫಃ ಪ್ರಜಾಪತಿರಸೌ ವೃಷಣೌ ಚ ಮಿತ್ರಃ,kukzissamudranivahA vasanaM tu sanDye SePaH prajApatirasO vfzaRO ca mitraH,10.848413,44100,2,16,
nar_007_006_2,7,6,2,train,/Users/shankararamasharma/Desktop/Vyoma Linguistic Labs/AI - AI Projects/Narayaneeyam/Dasakam 7/Narayaneeyam Dasakam 7.6.2.flac,त्वत्पादांबुजसौरभैककुतुकाल्लक्ष्मी: स्वयं लक्ष्यते यस्मिन् विस्मयनीयदिव्यविभवं तत्ते पदं देहि मे ॥,त्वत्पादांबुजसौरभैककुतुकाल्लक्ष्मी: स्वयं लक्ष्यते यस्मिन् विस्मयनीयदिव्यविभवं तत्ते पदं देहि मे ॥,ತ್ವತ್ಪಾದಾಂಬುಜಸೌರಭೈಕಕುತುಕಾಲ್ಲಕ್ಷ್ಮೀಃ ಸ್ವಯಂ ಲಕ್ಷ್ಯತೇ ಯಸ್ಮಿನ್ ವಿಸ್ಮಯನೀಯದಿವ್ಯವಿಭವಂ ತತ್ತೇ ಪದಂ ದೇಹಿ ಮೇ,tvatpAdAMbujasOraBEkakutukAllakzmIH svayaM lakzyate yasmin vismayanIyadivyaviBavaM tatte padaM dehi me,15.371315,44100,2,16,
nar_008_005_1,8,5,1,train,/Users/shankararamasharma/Desktop/Vyoma Linguistic Labs/AI - AI Projects/Narayaneeyam/Dasakam 8/Narayaneeyam Dasakam 8.5.1.flac,दिनावसानेऽथ सरोजयोनिः सुषुप्तिकामस्त्वयि सन्निलिल्ये ।,दिनावसानेऽथ सरोजयोनिः सुषुप्तिकामस्त्वयि सन्निलिल्ये ।,ದಿನಾವಸಾನೇಽಥ ಸರೋಜಯೋನಿಃ ಸುಷುಪ್ತಿಕಾಮಸ್ತ್ವಯಿ ಸನ್ನಿಲಿಲ್ಯೇ,dinAvasAneTa sarojayoniH suzuptikAmastvayi sannililye,9.244603,44100,2,16,
nar_009_001_1,9,1,1,train,/Users/shankararamasharma/Desktop/Vyoma Linguistic Labs/AI - AI Projects/Narayaneeyam/Dasakam 9/Narayaneeyam Dasakam 9.1.1.flac,स्थितस्स कमलोद्भवस्तव हि नाभिपङ्केरुहे कुत: स्विदिदमम्बुधावुदितमित्यनालोकयन् ।,स्थितस्स कमलोद्भवस्तव हि नाभिपङ्केरुहे कुत: स्विदिदमम्बुधावुदितमित्यनालोकयन् ।,ಸ್ಥಿತಸ್ಸ ಕಮಲೋದ್ಭವಸ್ತವ ಹಿ ನಾಭಿಪಙ್ಕೇರುಹೇ ಕುತಃ ಸ್ವಿದಿದಮಮ್ಬುಧಾವುದಿತಮಿತ್ಯನಾಲೋಕಯನ್,sTitassa kamalodBavastava hi nABipaNkeruhe kutaH svididamambuDAvuditamityanAlokayan,12.010091,44100,2,16,
nar_009_009_2,9,9,2,train,/Users/shankararamasharma/Desktop/Vyoma Linguistic Labs/AI - AI Projects/Narayaneeyam/Dasakam 9/Narayaneeyam Dasakam 9.9.2.flac,उदीक्ष्य किल कम्पितं पयसि पङ्कजं वायुना भवद्बलविजृम्भित: पवनपाथसी पीतवान् ॥,उदीक्ष्य किल कम्पितं पयसि पङ्कजं वायुना भवद्बलविजृम्भित: पवनपाथसी पीतवान् ॥,ಉದೀಕ್ಷ್ಯ ಕಿಲ ಕಮ್ಪಿತಂ ಪಯಸಿ ಪಙ್ಕಜಂ ವಾಯುನಾ ಭವದ್ಬಲವಿಜೃಮ್ಭಿತಃ ಪವನಪಾಥಸೀ ಪೀತವಾನ್,udIkzya kila kampitaM payasi paNkajaM vAyunA BavadbalavijfmBitaH pavanapATasI pItavAn,12.639002,44100,2,16,
nar_011_008_2,11,8,2,train,/Users/shankararamasharma/Desktop/Vyoma Linguistic Labs/AI - AI Projects/Narayaneeyam/Dashakam 11/Narayaneeyam Dasakam 11.8.2.flac,उभौ भवन्नाथमशेषलोकं रुषा न्यरुन्धां निजवासनान्धौ ॥,उभौ भवन्नाथमशेषलोकं रुषा न्यरुन्धां निजवासनान्धौ ॥,ಉಭೌ ಭವನ್ನಾಥಮಶೇಷಲೋಕಂ ರುಷಾ ನ್ಯರುನ್ಧಾಂ ನಿಜವಾಸನಾನ್ಧೌ,uBO BavannATamaSezalokaM ruzA nyarunDAM nijavAsanAnDO,10.226395,44100,2,16,
nar_012_007_2,12,7,2,train,/Users/shankararamasharma/Desktop/Vyoma Linguistic Labs/AI - AI Projects/Narayaneeyam/Dashakam 12/Narayaneeyam Dasakam 12.7.2.flac,तूर्णप्रदीर्णजलद: परिघूर्णदक्ष्णा स्तोतॄन् मुनीन् शिशिरयन्नवतेरिथ त्वम् ॥,तूर्णप्रदीर्णजलद: परिघूर्णदक्ष्णा स्तोतॄन् मुनीन् शिशिरयन्नवतेरिथ त्वम् ॥,ತೂರ್ಣಪ್ರದೀರ್ಣಜಲದಃ ಪರಿಘೂರ್ಣದಕ್ಷ್ಣಾ ಸ್ತೋತ್ರೂನ್ ಮುನೀನ್ ಶಿಶಿರಯನ್ನವತೇರಿಥ ತ್ವಮ್,tUrRapradIrRajaladaH pariGUrRadakzRA stotrUn munIn SiSirayannavateriTa tvam,11.444399,44100,2,16,
nar_013_006_1,13,6,1,train,/Users/shankararamasharma/Desktop/Vyoma Linguistic Labs/AI - AI Projects/Narayaneeyam/Dashakam 13/Narayaneeyam Dasakam 13.6.1.flac,तत: शूलं कालप्रतिमरुषि दैत्ये विसृजति त्वयिच्छिन्दत्येनत् करकलितचक्रप्रहरणात् ।,तत: शूलं कालप्रतिमरुषि दैत्ये विसृजति त्वयिच्छिन्दत्येनत् करकलितचक्रप्रहरणात् ।,ತತಃ ಶೂಲಂ ಕಾಲಪ್ರತಿಮರುಷಿ ದೈತ್ಯೇ ವಿಸೃಜತಿ ತ್ವಯಿಚ್ಛಿನ್ದತ್ಯೇನತ್ ಕರಕಲಿತಚಕ್ರಪ್ರಹರಣಾತ್,tataH SUlaM kAlapratimaruzi dEtye visfjati tvayicCindatyenat karakalitacakrapraharaRAt,14.072245,44100,2,16,
nar_014_005_1,14,5,1,train,/Users/shankararamasharma/Desktop/Vyoma Linguistic Labs/AI - AI Projects/Narayaneeyam/Dashakam 14/Narayaneeyam Dasakam 14.5.1.flac,स मनु: शतरूपया महिष्या गुणवत्या सुतया च देवहूत्या ।,स मनु: शतरूपया महिष्या गुणवत्या सुतया च देवहूत्या ।,ಸ ಮನುಃ ಶತರೂಪಯಾ ಮಹಿಷ್ಯಾ ಗುಣವತ್ಯಾ ಸುತಯಾ ಚ ದೇವಹೂತ್ಯಾ,sa manuH SatarUpayA mahizyA guRavatyA sutayA ca devahUtyA,8.428844,44100,2,16,low_peak
nar_015_003_2,15,3,2,train,/Users/shankararamasharma/Desktop/Vyoma Linguistic Labs/AI - AI Projects/Narayaneeyam/Dashakam 15/Narayaneeyam Dasakam 15.3.2.flac,मदनुभजनतत्त्वालोचनै: साऽप्यपेयात् कपिलतनुरिति त्वं देवहूत्यै न्यगादी: ॥,मदनुभजनतत्त्वालोचनै: साऽप्यपेयात् कपिलतनुरिति त्वं देवहूत्यै न्यगादी: ॥,ಮದನುಭಜನತತ್ತ್ವಾಲೋಚನೈಃ ಸಾಽಪ್ಯಪೇಯಾತ್ ಕಪಿಲತನುರಿತಿ ತ್ವಂ ದೇವಹೂತ್ಯೈ ನ್ಯಗಾದೀಃ,madanuBajanatattvAlocanEH sApyapeyAt kapilatanuriti tvaM devahUtyE nyagAdIH,12.7755,16000,2,16,low_peak;sample_rate_below_24khz
nar_016_002_2,16,2,2,train,/Users/shankararamasharma/Desktop/Vyoma Linguistic Labs/AI - AI Projects/Narayaneeyam/Dashakam 16/Narayaneeyam Dasakam 16.2.2.flac,यज्जन्मनि प्रमुदिताः कृततूर्यघोषाः पुष्पोत्करान् प्रववृषुर्नुनुवुः सुरौघाः ॥,यज्जन्मनि प्रमुदिताः कृततूर्यघोषाः पुष्पोत्करान् प्रववृषुर्नुनुवुः सुरौघाः ॥,ಯಜ್ಜನ್ಮನಿ ಪ್ರಮುದಿತಾಃ ಕೃತತೂರ್ಯಘೋಷಾಃ ಪುಷ್ಪೋತ್ಕರಾನ್ ಪ್ರವವೃಷುರ್ನುನುವುಃ ಸುರೌಘಾಃ,yajjanmani pramuditAH kftatUryaGozAH puzpotkarAn pravavfzurnunuvuH surOGAH,10.199116,44100,2,16,
nar_017_001_2,17,1,2,train,/Users/shankararamasharma/Desktop/Vyoma Linguistic Labs/AI - AI Projects/Narayaneeyam/Dashakam 17/Narayaneeyam Dasakam 17.1.2.flac,अन्या सुनीतिरिति भर्तुरनादृता सा त्वामेव नित्यमगतिः शरणं गताऽभूत् ॥,अन्या सुनीतिरिति भर्तुरनादृता सा त्वामेव नित्यमगतिः शरणं गताऽभूत् ॥,ಅನ್ಯಾ ಸುನೀತಿರಿತಿ ಭರ್ತುರನಾದೃತಾ ಸಾ ತ್ವಾಮೇವ ನಿತ್ಯಮಗತಿಃ ಶರಣಂ ಗತಾಽಭೂತ್,anyA sunItiriti BarturanAdftA sA tvAmeva nityamagatiH SaraRaM gatABUt,10.22839,44100,2,16,low_peak
nar_017_010_1,17,10,1,train,/Users/shankararamasharma/Desktop/Vyoma Linguistic Labs/AI - AI Projects/Narayaneeyam/Dashakam 17/Narayaneeyam Dasakam 17.10.1.flac,यक्षेण देव निहते पुनरुत्तमेऽस्मिन् यक्षैः स युद्धनिरतो विरतो मनूक्त्या ।,यक्षेण देव निहते पुनरुत्तमेऽस्मिन् यक्षैः स युद्धनिरतो विरतो मनूक्त्या ।,ಯಕ್ಷೇಣ ದೇವ ನಿಹತೇ ಪುನರುತ್ತಮೇಽಸ್ಮಿನ್ ಯಕ್ಷೈಃ ಸ ಯುದ್ಧನಿರತೋ ವಿರತೋ ಮನೂಕ್ತ್ಯಾ,yakzeRa deva nihate punaruttamesmin yakzEH sa yudDanirato virato manUktyA,11.740998,44100,2,16,
nar_018_008_2,18,8,2,train,/Users/shankararamasharma/Desktop/Vyoma Linguistic Labs/AI - AI Projects/Narayaneeyam/Dashakam 18/Narayaneeyam Dasakam 18.8.2.flac,रुन्धाने कमलभवे क्रतोः समाप्तौ साक्षात्त्वं मधुरिपुमैक्षथाः स्वयं स्वम् ॥,रुन्धाने कमलभवे क्रतोः समाप्तौ साक्षात्त्वं मधुरिपुमैक्षथाः स्वयं स्वम् ॥,ರುನ್ಧಾನೇ ಕಮಲಭವೇ ಕ್ರತೋಃ ಸಮಾಪ್ತೌ ಸಾಕ್ಷಾತ್ತ್ವಂ ಮಧುರಿಪುಮೈಕ್ಷಥಾಃ ಸ್ವಯಂ ಸ್ವಮ್,runDAne kamalaBave kratoH samAptO sAkzAttvaM maDuripumEkzaTAH svayaM svam,10.985442,44100,2,16,
nar_019_007_1,19,7,1,train,/Users/shankararamasharma/Desktop/Vyoma Linguistic Labs/AI - AI Projects/Narayaneeyam/Dashakam 19/Narayaneeyam Dasakam 19.7.1.flac,प्रचेतसां तावदयाचतामपि त्वमेव कारुण्यभराद्वरानदाः ।,प्रचेतसां तावदयाचतामपि त्वमेव कारुण्यभराद्वरानदाः ।,ಪ್ರಚೇತಸಾಂ ತಾವದಯಾಚತಾಮಪಿ ತ್ವಮೇವ ಕಾರುಣ್ಯಭರಾದ್ವರಾನದಾಃ,pracetasAM tAvadayAcatAmapi tvameva kAruRyaBarAdvarAnadAH,11.190159,44100,2,16,
nar_021_006_1,21,6,1,train,/Users/shankararamasharma/Desktop/Vyoma Linguistic Labs/AI - AI Projects/Narayaneeyam/Dashakam 21/Narayaneeyam Dasakam 21.6.1.flac,वर्षं हिरण्मयसमाह्वयमौत्तराहम् आसीनमद्रिधृतिकर्मठकामठाङ्गम् ।,वर्षं हिरण्मयसमाह्वयमौत्तराहम् आसीनमद्रिधृतिकर्मठकामठाङ्गम् ।,ವರ್ಷಂ ಹಿರಣ್ಮಯಸಮಾಹ್ವಯಮೌತ್ತರಾಹಮ್ ಆಸೀನಮದ್ರಿಧೃತಿಕರ್ಮಠಕಾಮಠಾಙ್ಗಮ್,varzaM hiraRmayasamAhvayamOttarAham AsInamadriDftikarmaWakAmaWANgam,11.624376,44100,2,16,low_peak
nar_022_005_1,22,5,1,train,/Users/shankararamasharma/Desktop/Vyoma Linguistic Labs/AI - AI Projects/Narayaneeyam/Dashakam 22/Narayaneeyam Dasakam 22.5.1.flac,अमुं च सम्पाश्य विकर्षतो भटान् विमुञ्चतेत्यारुरुधुर्बलादमी ।,अमुं च सम्पाश्य विकर्षतो भटान् विमुञ्चतेत्यारुरुधुर्बलादमी ।,ಅಮುಂ ಚ ಸಮ್ಪಾಶ್ಯ ವಿಕರ್ಷತೋ ಭಟಾನ್ ವಿಮುಞ್ಚತೇತ್ಯಾರುರುಧುರ್ಬಲಾದಮೀ,amuM ca sampASya vikarzato BawAn vimuYcatetyAruruDurbalAdamI,10.198798,44100,2,16,low_peak
nar_023_002_2,23,2,2,train,/Users/shankararamasharma/Desktop/Vyoma Linguistic Labs/AI - AI Projects/Narayaneeyam/Dashakam 23/Narayaneeyam Dasakam 23.2.2.flac,नैकत्रवासमृषये स मुमोच शापं भक्तोत्तमस्त्वृषिरनुग्रहमेव मेने ॥,नैकत्रवासमृषये स मुमोच शापं भक्तोत्तमस्त्वृषिरनुग्रहमेव मेने ॥,ನೈಕತ್ರವಾಸಮೃಷಯೇ ಸ ಮುಮೋಚ ಶಾಪಂ ಭಕ್ತೋತ್ತಮಸ್ತ್ವೃಷಿರನುಗ್ರಹಮೇವ ಮೇನೇ,nEkatravAsamfzaye sa mumoca SApaM Baktottamastvfziranugrahameva mene,11.109796,44100,2,16,
nar_023_011_2,23,11,2,train,/Users/shankararamasharma/Desktop/Vyoma Linguistic Labs/AI - AI Projects/Narayaneeyam/Dashakam 23/Narayaneeyam Dasakam 23.11.2.flac,दुष्टाशयेऽपि शुभदैव भवन्निषेवा तत्तादृशस्त्वमव मां पवनालयेश ॥,दुष्टाशयेऽपि शुभदैव भवन्निषेवा तत्तादृशस्त्वमव मां पवनालयेश ॥,ದುಷ್ಟಾಶಯೇಽಪಿ ಶುಭದೈವ ಭವನ್ನಿಷೇವಾ ತತ್ತಾದೃಶಸ್ತ್ವಮವ ಮಾಂ ಪವನಾಲಯೇಶ,duzwASayepi SuBadEva BavannizevA tattAdfSastvamava mAM pavanAlayeSa,11.413651,44100,2,16,
nar_024_009_1,24,9,1,train,/Users/shankararamasharma/Desktop/Vyoma Linguistic Labs/AI - AI Projects/Narayaneeyam/Dashakam 24/Narayaneeyam Dasakam 24.9.1.flac,पिता श‍ृण्वन्बालप्रकरमखिलं त्वत्स्तुतिपरं रुषान्धः प्राहैनं कुलहतक कस्ते बलमिति ।,पिता शृण्वन्बालप्रकरमखिलं त्वत्स्तुतिपरं रुषान्धः प्राहैनं कुलहतक कस्ते बलमिति ।,ಪಿತಾ ಶೃಣ್ವನ್ಬಾಲಪ್ರಕರಮಖಿಲಂ ತ್ವತ್ಸ್ತುತಿಪರಂ ರುಷಾನ್ಧಃ ಪ್ರಾಹೈನಂ ಕುಲಹತಕ ಕಸ್ತೇ ಬಲಮಿತಿ,pitA SfRvanbAlaprakaramaKilaM tvatstutiparaM ruzAnDaH prAhEnaM kulahataka kaste balamiti,12.719592,44100,2,16,
nar_025_008_1,25,8,1,train,/Users/shankararamasharma/Desktop/Vyoma Linguistic Labs/AI - AI Projects/Narayaneeyam/Dashakam 25/Narayaneeyam Dasakam 25.8.1.flac,तावन्मांसवपाकरालवपुषं घोरान्त्रमालाधरं त्वां मध्येसभमिद्धकोपमुषितं दुर्वारगुर्वारवम् ।,तावन्मांसवपाकरालवपुषं घोरान्त्रमालाधरं त्वां मध्येसभमिद्धकोपमुषितं दुर्वारगुर्वारवम् ।,ತಾವನ್ಮಾಂಸವಪಾಕರಾಲವಪುಷಂ ಘೋರಾನ್ತ್ರಮಾಲಾಧರಂ ತ್ವಾಂ ಮಧ್ಯೇಸಭಮಿದ್ಧಕೋಪಮುಷಿತಂ ದುರ್ವಾರಗುರ್ವಾರವಮ್,tAvanmAMsavapAkarAlavapuzaM GorAntramAlADaraM tvAM maDyesaBamidDakopamuzitaM durvAragurvAravam,16.089569,44100,2,16,
nar_026_006_2,26,6,2,train,/Users/shankararamasharma/Desktop/Vyoma Linguistic Labs/AI - AI Projects/Narayaneeyam/Dashakam 26/Narayaneeyam Dasakam 26.6.2.flac,प्राप्ते काले त्वत्पदैकाग्र्यसिद्‍ध्यै नक्राक्रान्तं हस्तिवर्यं व्यधास्त्वम् ॥,प्राप्ते काले त्वत्पदैकाग्र्यसिद्ध्यै नक्राक्रान्तं हस्तिवर्यं व्यधास्त्वम् ॥,ಪ್ರಾಪ್ತೇ ಕಾಲೇ ತ್ವತ್ಪದೈಕಾಗ್ರ್ಯಸಿದ್ಧ್ಯೈ ನಕ್ರಾಕ್ರಾನ್ತಂ ಹಸ್ತಿವರ್ಯಂ ವ್ಯಧಾಸ್ತ್ವಮ್,prApte kAle tvatpadEkAgryasidDyE nakrAkrAntaM hastivaryaM vyaDAstvam,11.464271,48000,2,16,
nar_027_005_2,27,5,2,train,/Users/shankararamasharma/Desktop/Vyoma Linguistic Labs/AI - AI Projects/Narayaneeyam/Dashakam 27/Narayaneeyam Dasakam 27.5.2.flac,प्रारब्धे मथनविधौ सुरासुरैस्तै: व्याजात्त्वं भुजगमुखेऽकरोस्सुरारीन् ॥,प्रारब्धे मथनविधौ सुरासुरैस्तै: व्याजात्त्वं भुजगमुखेऽकरोस्सुरारीन् ॥,ಪ್ರಾರಬ್ಧೇ ಮಥನವಿಧೌ ಸುರಾಸುರೈಸ್ತೈಃ ವ್ಯಾಜಾತ್ತ್ವಂ ಭುಜಗಮುಖೇಽಕರೋಸ್ಸುರಾರೀನ್,prArabDe maTanaviDO surAsurEstEH vyAjAttvaM BujagamuKekarossurArIn,10.644917,48000,2,16,
nar_028_003_2,28,3,2,train,/Users/shankararamasharma/Desktop/Vyoma Linguistic Labs/AI - AI Projects/Narayaneeyam/Dashakam 28/Narayaneeyam Dasakam 28.3.2.flac,अमलामवलोक्य यां विलोलः सकलोऽपि स्पृहयाम्बभूव लोकः ॥,अमलामवलोक्य यां विलोलः सकलोऽपि स्पृहयाम्बभूव लोकः ॥,ಅಮಲಾಮವಲೋಕ್ಯ ಯಾಂ ವಿಲೋಲಃ ಸಕಲೋಽಪಿ ಸ್ಪೃಹಯಾಮ್ಬಭೂವ ಲೋಕಃ,amalAmavalokya yAM vilolaH sakalopi spfhayAmbaBUva lokaH,8.671313,48000,2,16,
nar_029_002_1,29,2,1,train,/Users/shankararamasharma/Desktop/Vyoma Linguistic Labs/AI - AI Projects/Narayaneeyam/Dashakam 29/Narayaneeyam Dasakam 29.2.1.flac,श्यामां रुचापि वचसापि तनुं तदानीं प्राप्तोऽसि तुङ्गकुचमण्डलभङ्गुरां त्वम् ।,श्यामां रुचापि वचसापि तनुं तदानीं प्राप्तोऽसि तुङ्गकुचमण्डलभङ्गुरां त्वम् ।,ಶ್ಯಾಮಾಂ ರುಚಾಪಿ ವಚಸಾಪಿ ತನುಂ ತದಾನೀಂ ಪ್ರಾಪ್ತೋಽಸಿ ತುಙ್ಗಕುಚಮಣ್ಡಲಭಙ್ಗುರಾಂ ತ್ವಮ್,SyAmAM rucApi vacasApi tanuM tadAnIM prAptosi tuNgakucamaRqalaBaNgurAM tvam,11.920063,48000,2,16,
nar_031_001_1,31,1,1,train,/Users/shankararamasharma/Desktop/Vyoma Linguistic Labs/AI - AI Projects/Narayaneeyam/Dashakam 31/Narayaneeyam Dasakam 31.1.1.flac,प्रीत्या दैत्यस्तव तनुमहःप्रेक्षणात्सर्वथाऽपि त्वामाराध्यन्नजित रचयन्नञ्जलिं सञ्जगाद ।,प्रीत्या दैत्यस्तव तनुमहःप्रेक्षणात्सर्वथाऽपि त्वामाराध्यन्नजित रचयन्नञ्जलिं सञ्जगाद ।,ಪ್ರೀತ್ಯಾ ದೈತ್ಯಸ್ತವ ತನುಮಹಃಪ್ರೇಕ್ಷಣಾತ್ಸರ್ವಥಾಽಪಿ ತ್ವಾಮಾರಾಧ್ಯನ್ನಜಿತ ರಚಯನ್ನಞ್ಜಲಿಂ ಸಞ್ಜಗಾದ,prItyA dEtyastava tanumahaHprekzaRAtsarvaTApi tvAmArADyannajita racayannaYjaliM saYjagAda,12.50625,48000,2,16,
nar_031_009_2,31,9,2,train,/Users/shankararamasharma/Desktop/Vyoma Linguistic Labs/AI - AI Projects/Narayaneeyam/Dashakam 31/Narayaneeyam Dasakam 31.9.2.flac,पादं मूर्ध्नि प्रणय भगवन्नित्यकम्पं वदन्तं प्रह्लादस्तं स्वयमुपगतो मानयन्नस्तवीत्त्वाम् ॥,पादं मूर्ध्नि प्रणय भगवन्नित्यकम्पं वदन्तं प्रह्लादस्तं स्वयमुपगतो मानयन्नस्तवीत्त्वाम् ॥,ಪಾದಂ ಮೂರ್ಧ್ನಿ ಪ್ರಣಯ ಭಗವನ್ನಿತ್ಯಕಮ್ಪಂ ವದನ್ತಂ ಪ್ರಹ್ಲಾದಸ್ತಂ ಸ್ವಯಮುಪಗತೋ ಮಾನಯನ್ನಸ್ತವೀತ್ತ್ವಾಮ್,pAdaM mUrDni praRaya BagavannityakampaM vadantaM prahlAdastaM svayamupagato mAnayannastavIttvAm,13.827229,48000,2,16,
nar_032_008_2,32,8,2,train,/Users/shankararamasharma/Desktop/Vyoma Linguistic Labs/AI - AI Projects/Narayaneeyam/Dashakam 32/Narayaneeyam Dasakam 32.8.2.flac,संस्तूयमानो नृवरेण तेन ज्ञानं परं चोपदिशन्नचारीः ॥,संस्तूयमानो नृवरेण तेन ज्ञानं परं चोपदिशन्नचारीः ॥,ಸಂಸ್ತೂಯಮಾನೋ ನೃವರೇಣ ತೇನ ಜ್ಞಾನಂ ಪರಂ ಚೋಪದಿಶನ್ನಚಾರೀಃ,saMstUyamAno nfvareRa tena jYAnaM paraM copadiSannacArIH,10.237854,48000,2,16,
nar_033_007_2,33,7,2,train,/Users/shankararamasharma/Desktop/Vyoma Linguistic Labs/AI - AI Projects/Narayaneeyam/Dashakam 33/Narayaneeyam Dasakam 33.7.2.flac,कः कालचक्रमतिलङ्घयतीत्यपास्तः शर्वं ययौ स च भवन्तमवन्दतैव ॥,कः कालचक्रमतिलङ्घयतीत्यपास्तः शर्वं ययौ स च भवन्तमवन्दतैव ॥,ಕಃ ಕಾಲಚಕ್ರಮತಿಲಙ್ಘಯತೀತ್ಯಪಾಸ್ತಃ ಶರ್ವಂ ಯಯೌ ಸ ಚ ಭವನ್ತಮವನ್ದತೈವ,kaH kAlacakramatilaNGayatItyapAstaH SarvaM yayO sa ca BavantamavandatEva,11.621146,48000,2,16,
nar_034_006_1,34,6,1,train,/Users/shankararamasharma/Desktop/Vyoma Linguistic Labs/AI - AI Projects/Narayaneeyam/Dashakam 34/Narayaneeyam Dasakam 34.6.1.flac,श्रुत्वा पुत्रार्तिखिन्नं खलु भरतमुखात्स्वर्गयातं स्वतातं तप्तो दत्त्वाम्बु तस्मै निदधिथ भरते पादुकां मेदिनीं च ।,श्रुत्वा पुत्रार्तिखिन्नं खलु भरतमुखात्स्वर्गयातं स्वतातं तप्तो दत्त्वाम्बु तस्मै निदधिथ भरते पादुकां मेदिनीं च ।,ಶ್ರುತ್ವಾ ಪುತ್ರಾರ್ತಿಖಿನ್ನಂ ಖಲು ಭರತಮುಖಾತ್ಸ್ವರ್ಗಯಾತಂ ಸ್ವತಾತಂ ತಪ್ತೋ ದತ್ತ್ವಾಮ್ಬು ತಸ್ಮೈ ನಿದಧಿಥ ಭರತೇ ಪಾದುಕಾಂ ಮೇದಿನೀಂ ಚ,SrutvA putrArtiKinnaM Kalu BaratamuKAtsvargayAtaM svatAtaM tapto dattvAmbu tasmE nidaDiTa Barate pAdukAM medinIM ca,17.355374,44100,2,16,
nar_035_005_1,35,5,1,train,/Users/shankararamasharma/Desktop/Vyoma Linguistic Labs/AI - AI Projects/Narayaneeyam/Dashakam 35/Narayaneeyam Dasakam 35.5.1.flac,कीशैराशान्तरोपाहृतगिरिनिकरैः सेतुमाधाप्य यात: यातून्यामर्द्य दंष्ट्रानखशिखरिशिलासालशस्त्रैः स्वसैन्यैः ।,कीशैराशान्तरोपाहृतगिरिनिकरैः सेतुमाधाप्य यात: यातून्यामर्द्य दंष्ट्रानखशिखरिशिलासालशस्त्रैः स्वसैन्यैः ।,ಕೀಶೈರಾಶಾನ್ತರೋಪಾಹೃತಗಿರಿನಿಕರೈಃ ಸೇತುಮಾಧಾಪ್ಯ ಯಾತಃ ಯಾತೂನ್ಯಾಮರ್ದ್ಯ ದಂಷ್ಟ್ರಾನಖಶಿಖರಿಶಿಲಾಸಾಲಶಸ್ತ್ರೈಃ ಸ್ವಸೈನ್ಯೈಃ,kISErASAntaropAhftagirinikarEH setumADApya yAtaH yAtUnyAmardya daMzwrAnaKaSiKariSilAsAlaSastrEH svasEnyEH,17.493764,44100,2,16,
nar_036_003_2,36,3,2,train,/Users/shankararamasharma/Desktop/Vyoma Linguistic Labs/AI - AI Projects/Narayaneeyam/Dashakam 36/Narayaneeyam Dasakam 36.3.2.flac,ताताज्ञातिगसोदरैः सममिमां छित्वाऽथ शान्तात्पितु: तेषां जीवनयोगमापिथ वरं माता च तेऽदाद्वरान् ॥,ताताज्ञातिगसोदरैः सममिमां छित्वाऽथ शान्तात्पितु: तेषां जीवनयोगमापिथ वरं माता च तेऽदाद्वरान् ॥,ತಾತಾಜ್ಞಾತಿಗಸೋದರೈಃ ಸಮಮಿಮಾಂ ಛಿತ್ವಾಽಥ ಶಾನ್ತಾತ್ಪಿತುಃ ತೇಷಾಂ ಜೀವನಯೋಗಮಾಪಿಥ ವರಂ ಮಾತಾ ಚ ತೇಽದಾದ್ವರಾನ್,tAtAjYAtigasodarEH samamimAM CitvATa SAntAtpituH tezAM jIvanayogamApiTa varaM mAtA ca tedAdvarAn,16.011361,44100,2,16,
nar_037_001_2,37,1,2,train,/Users/shankararamasharma/Desktop/Vyoma Linguistic Labs/AI - AI Projects/Narayaneeyam/Dashakam 37/Narayaneeyam Dasakam 37.1.2.flac,तेषां भूतलजन्मनां दितिभुवां भारेण दूरार्दिता भूमिः प्राप विरिञ्चमाश्रितपदं देवैः पुरैवागतैः ॥,तेषां भूतलजन्मनां दितिभुवां भारेण दूरार्दिता भूमिः प्राप विरिञ्चमाश्रितपदं देवैः पुरैवागतैः ॥,ತೇಷಾಂ ಭೂತಲಜನ್ಮನಾಂ ದಿತಿಭುವಾಂ ಭಾರೇಣ ದೂರಾರ್ದಿತಾ ಭೂಮಿಃ ಪ್ರಾಪ ವಿರಿಞ್ಚಮಾಶ್ರಿತಪದಂ ದೇವೈಃ ಪುರೈವಾಗತೈಃ,tezAM BUtalajanmanAM ditiBuvAM BAreRa dUrArditA BUmiH prApa viriYcamASritapadaM devEH purEvAgatEH,14.498685,44100,2,16,
nar_037_010_1,37,10,1,train,/Users/shankararamasharma/Desktop/Vyoma Linguistic Labs/AI - AI Projects/Narayaneeyam/Dashakam 37/Narayaneeyam Dasakam 37.10.1.flac,प्राप्ते सप्तमगर्भतामहिपतौ त्वत्प्रेरणान्मायया नीते माधव रोहिणीं त्वमपि भोः सच्चित्सुखैकात्मकः ।,प्राप्ते सप्तमगर्भतामहिपतौ त्वत्प्रेरणान्मायया नीते माधव रोहिणीं त्वमपि भोः सच्चित्सुखैकात्मकः ।,ಪ್ರಾಪ್ತೇ ಸಪ್ತಮಗರ್ಭತಾಮಹಿಪತೌ ತ್ವತ್ಪ್ರೇರಣಾನ್ಮಾಯಯಾ ನೀತೇ ಮಾಧವ ರೋಹಿಣೀಂ ತ್ವಮಪಿ ಭೋಃ ಸಚ್ಚಿತ್ಸುಖೈಕಾತ್ಮಕಃ,prApte saptamagarBatAmahipatO tvatpreraRAnmAyayA nIte mADava rohiRIM tvamapi BoH saccitsuKEkAtmakaH,13.099909,44100,2,16,
nar_038_009_1,38,9,1,train,/Users/shankararamasharma/Desktop/Vyoma Linguistic Labs/AI - AI Projects/Narayaneeyam/Dashakam 38/Narayaneeyam Dasakam 38.9.1.flac,जाता तदा पशुपसद्मनि योगनिद्रा निद्राविमुद्रितमथाकृत पौरलोकम् ।,जाता तदा पशुपसद्मनि योगनिद्रा निद्राविमुद्रितमथाकृत पौरलोकम् ।,ಜಾತಾ ತದಾ ಪಶುಪಸದ್ಮನಿ ಯೋಗನಿದ್ರಾ ನಿದ್ರಾವಿಮುದ್ರಿತಮಥಾಕೃತ ಪೌರಲೋಕಮ್,jAtA tadA paSupasadmani yoganidrA nidrAvimudritamaTAkfta pOralokam,10.113628,44100,2,16,
nar_039_008_1,39,8,1,train,/Users/shankararamasharma/Desktop/Vyoma Linguistic Labs/AI - AI Projects/Narayaneeyam/Dashakam 39/Narayaneeyam Dasakam 39.8.1.flac,ततः पशुपमन्दिरे त्वयि मुकुन्द नन्दप्रिया- प्रसूतिशयनेशये रुदति किञ्चिदञ्चत्पदे ।,ततः पशुपमन्दिरे त्वयि मुकुन्द नन्दप्रिया- प्रसूतिशयनेशये रुदति किञ्चिदञ्चत्पदे ।,ತತಃ ಪಶುಪಮನ್ದಿರೇ ತ್ವಯಿ ಮುಕುನ್ದ ನನ್ದಪ್ರಿಯಾ ಪ್ರಸೂತಿಶಯನೇಶಯೇ ರುದತಿ ಕಿಞ್ಚಿದಞ್ಚತ್ಪದೇ,tataH paSupamandire tvayi mukunda nandapriyA prasUtiSayaneSaye rudati kiYcidaYcatpade,11.600188,16000,2,16,sample_rate_below_24khz
nar_041_006_2,41,6,2,train,/Users/shankararamasharma/Desktop/Vyoma Linguistic Labs/AI - AI Projects/Narayaneeyam/Dashakam 41/Narayaneeyam Dasakam 41.6.2.flac,भवन्निवासादयि वासुदेव प्रमोदसान्द्रः परितो विरेजे ॥,भवन्निवासादयि वासुदेव प्रमोदसान्द्रः परितो विरेजे ॥,ಭವನ್ನಿವಾಸಾದಯಿ ವಾಸುದೇವ ಪ್ರಮೋದಸಾನ್ದ್ರಃ ಪರಿತೋ ವಿರೇಜೇ,BavannivAsAdayi vAsudeva pramodasAndraH parito vireje,8.944376,44100,2,16,
nar_042_005_2,42,5,2,train,/Users/shankararamasharma/Desktop/Vyoma Linguistic Labs/AI - AI Projects/Narayaneeyam/Dashakam 42/Narayaneeyam Dasakam 42.5.2.flac,न कारणं किञ्चिदिहेति ते स्थिताः स्वनासिका-दत्तकरास्त्वदीक्षकाः ॥,न कारणं किञ्चिदिहेति ते स्थिताः स्वनासिका-दत्तकरास्त्वदीक्षकाः ॥,ನ ಕಾರಣಂ ಕಿಞ್ಚಿದಿಹೇತಿ ತೇ ಸ್ಥಿತಾಃ ಸ್ವನಾಸಿಕಾದತ್ತಕರಾಸ್ತ್ವದೀಕ್ಷಕಾಃ,na kAraRaM kiYcidiheti te sTitAH svanAsikAdattakarAstvadIkzakAH,10.822993,44100,2,16,
nar_043_003_1,43,3,1,train,/Users/shankararamasharma/Desktop/Vyoma Linguistic Labs/AI - AI Projects/Narayaneeyam/Dashakam 43/Narayaneeyam Dasakam 43.3.1.flac,उद्दामपांसु-तिमिराहत दृष्टिपाते द्रष्टुं किमप्यकुशले पशुपाल लोके ।,उद्दामपांसु-तिमिराहत दृष्टिपाते द्रष्टुं किमप्यकुशले पशुपाल लोके ।,ಉದ್ದಾಮಪಾಂಸುತಿಮಿರಾಹತ ದೃಷ್ಟಿಪಾತೇ ದ್ರಷ್ಟುಂ ಕಿಮಪ್ಯಕುಶಲೇ ಪಶುಪಾಲ ಲೋಕೇ,uddAmapAMsutimirAhata dfzwipAte drazwuM kimapyakuSale paSupAla loke,9.893583,44100,2,16,
nar_044_002_1,44,2,1,train,/Users/shankararamasharma/Desktop/Vyoma Linguistic Labs/AI - AI Projects/Narayaneeyam/Dashakam 44/Narayaneeyam Dasakam 44.2.1.flac,नन्दोऽथ नन्दितात्मा वृन्दिष्टं मानयन्नमुं यमिनाम् ।,नन्दोऽथ नन्दितात्मा वृन्दिष्टं मानयन्नमुं यमिनाम् ।,ನನ್ದೋಽಥ ನನ್ದಿತಾತ್ಮಾ ವೃನ್ದಿಷ್ಟಂ ಮಾನಯನ್ನಮುಂ ಯಮಿನಾಮ್,nandoTa nanditAtmA vfndizwaM mAnayannamuM yaminAm,8.34932,44100,2,16,
nar_045_001_1,45,1,1,train,/Users/shankararamasharma/Desktop/Vyoma Linguistic Labs/AI - AI Projects/Narayaneeyam/Dashakam 45/Narayaneeyam Dasakam 45.1.1.flac,अयि सबलमुरारे पाणिजानुप्रचारैः किमपि भवनभागान् भूषयन्तौ भवन्तौ ।,अयि सबलमुरारे पाणिजानुप्रचारैः किमपि भवनभागान् भूषयन्तौ भवन्तौ ।,ಅಯಿ ಸಬಲಮುರಾರೇ ಪಾಣಿಜಾನುಪ್ರಚಾರೈಃ ಕಿಮಪಿ ಭವನಭಾಗಾನ್ ಭೂಷಯನ್ತೌ ಭವನ್ತೌ,ayi sabalamurAre pARijAnupracArEH kimapi BavanaBAgAn BUzayantO BavantO,12.060476,44100,2,16,
nar_045_009_2,45,9,2,train,/Users/shankararamasharma/Desktop/Vyoma Linguistic Labs/AI - AI Projects/Narayaneeyam/Dashakam 45/Narayaneeyam Dasakam 45.9.2.flac,इति विहितमतिः किं देव सन्त्यज्य याच्ञां दधिघृतमहरस्त्वं चारुणा चोरणेन ॥,इति विहितमतिः किं देव सन्त्यज्य याच्ञां दधिघृतमहरस्त्वं चारुणा चोरणेन ॥,ಇತಿ ವಿಹಿತಮತಿಃ ಕಿಂ ದೇವ ಸನ್ತ್ಯಜ್ಯ ಯಾಚ್ಞಾಂ ದಧಿಘೃತಮಹರಸ್ತ್ವಂ ಚಾರುಣಾ ಚೋರಣೇನ,iti vihitamatiH kiM deva santyajya yAcYAM daDiGftamaharastvaM cAruRA coraRena,12.51839,44100,2,16,
nar_046_008_2,46,8,2,train,/Users/shankararamasharma/Desktop/Vyoma Linguistic Labs/AI - AI Projects/Narayaneeyam/Dashakam 46/Narayaneeyam Dasakam 46.8.2.flac,स्वपुरश्च निजार्भकात्मकं कतिधा त्वां न ददर्श सा मुखे ॥,स्वपुरश्च निजार्भकात्मकं कतिधा त्वां न ददर्श सा मुखे ॥,ಸ್ವಪುರಶ್ಚ ನಿಜಾರ್ಭಕಾತ್ಮಕಂ ಕತಿಧಾ ತ್ವಾಂ ನ ದದರ್ಶ ಸಾ ಮುಖೇ,svapuraSca nijArBakAtmakaM katiDA tvAM na dadarSa sA muKe,9.128458,44100,2,16,
nar_047_007_1,47,7,1,train,/Users/shankararamasharma/Desktop/Vyoma Linguistic Labs/AI - AI Projects/Narayaneeyam/Dashakam 47/Dashakam 47.7.1.flac,बन्धुमिच्छति यमेव सज्जन: तं भवन्तमयि बन्धुमिच्छती ।,बन्धुमिच्छति यमेव सज्जन: तं भवन्तमयि बन्धुमिच्छती ।,ಬನ್ಧುಮಿಚ್ಛತಿ ಯಮೇವ ಸಜ್ಜನಃ ತಂ ಭವನ್ತಮಯಿ ಬನ್ಧುಮಿಚ್ಛತೀ,banDumicCati yameva sajjanaH taM Bavantamayi banDumicCatI,8.752688,16000,2,16,sample_rate_below_24khz
nar_048_006_1,48,6,1,train,/Users/shankararamasharma/Desktop/Vyoma Linguistic Labs/AI - AI Projects/Narayaneeyam/Dashakam 48/Narayaneeyam Dasakam 48.6.1.flac,अतन्द्रमिन्द्रद्रुयुगं तथाविधं समेयुषा मन्थरगामिना त्वया ।,अतन्द्रमिन्द्रद्रुयुगं तथाविधं समेयुषा मन्थरगामिना त्वया ।,ಅತನ್ದ್ರಮಿನ್ದ್ರದ್ರುಯುಗಂ ತಥಾವಿಧಂ ಸಮೇಯುಷಾ ಮನ್ಥರಗಾಮಿನಾ ತ್ವಯಾ,atandramindradruyugaM taTAviDaM sameyuzA manTaragAminA tvayA,9.796463,44100,2,16,
nar_049_005_1,49,5,1,train,/Users/shankararamasharma/Desktop/Vyoma Linguistic Labs/AI - AI Projects/Narayaneeyam/Dashakam 49/Narayaneeyam Dasakam 49.5.1.flac,निरीक्ष्य वृन्दावनमीश नन्दत् प्रसून-कुन्द-प्रमुखद्रुमौघम् ।,निरीक्ष्य वृन्दावनमीश नन्दत् प्रसून-कुन्द-प्रमुखद्रुमौघम् ।,ನಿರೀಕ್ಷ್ಯ ವೃನ್ದಾವನಮೀಶ ನನ್ದತ್ ಪ್ರಸೂನಕುನ್ದಪ್ರಮುಖದ್ರುಮೌಘಮ್,nirIkzya vfndAvanamISa nandat prasUnakundapramuKadrumOGam,8.249048,44100,2,16,
nar_051_003_2,51,3,2,train,/Users/shankararamasharma/Desktop/Vyoma Linguistic Labs/AI - AI Projects/Narayaneeyam/Dashakam 51/Narayaneeyam dashakam 51.3.2.flac,अघासुरो न्यरुणदघाय वर्तनीं भयानकः सपदि शयानकाकृतिः ॥,अघासुरो न्यरुणदघाय वर्तनीं भयानकः सपदि शयानकाकृतिः ॥,ಅಘಾಸುರೋ ನ್ಯರುಣದಘಾಯ ವರ್ತನೀಂ ಭಯಾನಕಃ ಸಪದಿ ಶಯಾನಕಾಕೃತಿಃ,aGAsuro nyaruRadaGAya vartanIM BayAnakaH sapadi SayAnakAkftiH,9.884649,44100,2,16,
nar_052_002_2,52,2,2,train,/Users/shankararamasharma/Desktop/Vyoma Linguistic Labs/AI - AI Projects/Narayaneeyam/Dashakam 52/Narayaneeyam Dashakam 52.2.2.flac,त्वं सामिभुक्त-कबलो गतवांस्तदानीं भुक्तांस्तिरोऽधित सरोजभवः कुमारान् ॥,त्वं सामिभुक्त-कबलो गतवांस्तदानीं भुक्तांस्तिरोऽधित सरोजभवः कुमारान् ॥,ತ್ವಂ ಸಾಮಿಭುಕ್ತಕಬಲೋ ಗತವಾಂಸ್ತದಾನೀಂ ಭುಕ್ತಾಂಸ್ತಿರೋಽಧಿತ ಸರೋಜಭವಃ ಕುಮಾರಾನ್,tvaM sAmiBuktakabalo gatavAMstadAnIM BuktAMstiroDita sarojaBavaH kumArAn,11.444059,44100,2,16,
nar_053_001_1,53,1,1,train,/Users/shankararamasharma/Desktop/Vyoma Linguistic Labs/AI - AI Projects/Narayaneeyam/Dashakam 53/Narayaneeyam Dashakam 53.1.1.flac,अतीत्य बाल्यं जगतां पते त्वम् उपेत्य पौगण्डवयो मनोज्ञम् ।,अतीत्य बाल्यं जगतां पते त्वम् उपेत्य पौगण्डवयो मनोज्ञम् ।,ಅತೀತ್ಯ ಬಾಲ್ಯಂ ಜಗತಾಂ ಪತೇ ತ್ವಮ್ ಉಪೇತ್ಯ ಪೌಗಣ್ಡವಯೋ ಮನೋಜ್ಞಮ್,atItya bAlyaM jagatAM pate tvam upetya pOgaRqavayo manojYam,7.16517,44100,2,16,
nar_053_010_1,53,10,1,train,/Users/shankararamasharma/Desktop/Vyoma Linguistic Labs/AI - AI Projects/Narayaneeyam/Dashakam 53/Narayaneeyam Dashakam 53.10.1.flac,हतो हतो धेनुक इत्युपेत्य फलान्यदद्भिर्मधुराणि लोकैः ।,हतो हतो धेनुक इत्युपेत्य फलान्यदद्भिर्मधुराणि लोकैः ।,ಹತೋ ಹತೋ ಧೇನುಕ ಇತ್ಯುಪೇತ್ಯ ಫಲಾನ್ಯದದ್ಭಿರ್ಮಧುರಾಣಿ ಲೋಕೈಃ,hato hato Denuka ityupetya PalAnyadadBirmaDurARi lokEH,7.749751,44100,2,16,
nar_054_008_2,54,8,2,train,/Users/shankararamasharma/Desktop/Vyoma Linguistic Labs/AI - AI Projects/Narayaneeyam/Dashakam 54/Narayaneeyam Dashakam 54.8.2.flac,द्रागावव्रुः सर्वतो हर्षबाष्पं व्यामुञ्चन्त्यो मन्दमुद्यन्निनादाः ॥,द्रागावव्रुः सर्वतो हर्षबाष्पं व्यामुञ्चन्त्यो मन्दमुद्यन्निनादाः ॥,ದ್ರಾಗಾವವ್ರುಃ ಸರ್ವತೋ ಹರ್ಷಬಾಷ್ಪಂ ವ್ಯಾಮುಞ್ಚನ್ತ್ಯೋ ಮನ್ದಮುದ್ಯನ್ನಿನಾದಾಃ,drAgAvavruH sarvato harzabAzpaM vyAmuYcantyo mandamudyanninAdAH,8.982154,44100,2,16,
nar_055_007_2,55,7,2,train,/Users/shankararamasharma/Desktop/Vyoma Linguistic Labs/AI - AI Projects/Narayaneeyam/Dashakam 55/Narayaneeyam Dashakam 55.7.2.flac,व्रज-गेह-तलेऽप्यनिमित्त-शतं समुदीक्ष्य गता यमुनां पशुपाः ॥,व्रज-गेह-तलेऽप्यनिमित्त-शतं समुदीक्ष्य गता यमुनां पशुपाः ॥,ವ್ರಜಗೇಹತಲೇಽಪ್ಯನಿಮಿತ್ತಶತಂ ಸಮುದೀಕ್ಷ್ಯ ಗತಾ ಯಮುನಾಂ ಪಶುಪಾಃ,vrajagehatalepyanimittaSataM samudIkzya gatA yamunAM paSupAH,8.392177,44100,2,16,
nar_056_006_2,56,6,2,train,/Users/shankararamasharma/Desktop/Vyoma Linguistic Labs/AI - AI Projects/Narayaneeyam/Dashakam 56/Narayaneeyam Dashakam 56.6.2.flac,इति भवद्वचनान्यतिमानयन् फणिपतिर्निरगादुरगैः समम् ॥,इति भवद्वचनान्यतिमानयन् फणिपतिर्निरगादुरगैः समम् ॥,ಇತಿ ಭವದ್ವಚನಾನ್ಯತಿಮಾನಯನ್ ಫಣಿಪತಿರ್ನಿರಗಾದುರಗೈಃ ಸಮಮ್,iti BavadvacanAnyatimAnayan PaRipatirniragAduragEH samam,9.353583,44100,2,16,
nar_057_005_1,57,5,1,train,/Users/shankararamasharma/Desktop/Vyoma Linguistic Labs/AI - AI Projects/Narayaneeyam/Dashakam 57/Narayaneeyam Dashakam 57.5.1.flac,गोपान्विभज्य तन्वन् सङ्घं बलभद्रकं भवत्कमपि ।,गोपान्विभज्य तन्वन् सङ्घं बलभद्रकं भवत्कमपि ।,ಗೋಪಾನ್ವಿಭಜ್ಯ ತನ್ವನ್ ಸಙ್ಘಂ ಬಲಭದ್ರಕಂ ಭವತ್ಕಮಪಿ,gopAnviBajya tanvan saNGaM balaBadrakaM Bavatkamapi,7.46068,44100,2,16,
nar_058_003_1,58,3,1,train,/Users/shankararamasharma/Desktop/Vyoma Linguistic Labs/AI - AI Projects/Narayaneeyam/Dashakam 58/Narayaneeyam Dashakam 58.3.1.flac,तदनु सह सहायैर्दूरमन्विष्य शौरे गलित-सरणि-मुञ्जारण्य-सञ्जात-खेदम् ।,तदनु सह सहायैर्दूरमन्विष्य शौरे गलित-सरणि-मुञ्जारण्य-सञ्जात-खेदम् ।,ತದನು ಸಹ ಸಹಾಯೈರ್ದೂರಮನ್ವಿಷ್ಯ ಶೌರೇ ಗಲಿತಸರಣಿಮುಞ್ಜಾರಣ್ಯಸಞ್ಜಾತಖೇದಮ್,tadanu saha sahAyErdUramanvizya SOre galitasaraRimuYjAraRyasaYjAtaKedam,11.033379,44100,2,16,
nar_059_001_2,59,1,2,train,/Users/shankararamasharma/Desktop/Vyoma Linguistic Labs/AI - AI Projects/Narayaneeyam/Dashakam 59/Narayaneeyam Dashakam 59.1.2.flac,ब्रह्मतत्त्व-परचिन्मुदात्मकं वीक्ष्य सम्मुमुहुरन्वहं स्त्रियः ॥,ब्रह्मतत्त्व-परचिन्मुदात्मकं वीक्ष्य सम्मुमुहुरन्वहं स्त्रियः ॥,ಬ್ರಹ್ಮತತ್ತ್ವಪರಚಿನ್ಮುದಾತ್ಮಕಂ ವೀಕ್ಷ್ಯ ಸಮ್ಮುಮುಹುರನ್ವಹಂ ಸ್ತ್ರಿಯಃ,brahmatattvaparacinmudAtmakaM vIkzya sammumuhuranvahaM striyaH,8.598549,44100,2,16,
nar_059_010_2,59,10,2,train,/Users/shankararamasharma/Desktop/Vyoma Linguistic Labs/AI - AI Projects/Narayaneeyam/Dashakam 59/Narayaneeyam Dashakam 59.10.2.flac,तासां त्वेकं तद्वयं लब्धमासीत् भाग्यं भाग्यं पाहि मां मारुतेश ॥,तासां त्वेकं तद्वयं लब्धमासीत् भाग्यं भाग्यं पाहि मां मारुतेश ॥,ತಾಸಾಂ ತ್ವೇಕಂ ತದ್ವಯಂ ಲಬ್ಧಮಾಸೀತ್ ಭಾಗ್ಯಂ ಭಾಗ್ಯಂ ಪಾಹಿ ಮಾಂ ಮಾರುತೇಶ,tAsAM tvekaM tadvayaM labDamAsIt BAgyaM BAgyaM pAhi mAM mAruteSa,9.610476,44100,2,16,
